{
    "polymer-insulator-tower-shackle": {
        "au_pro": null,
        "classification_au_roc": 0.8,
        "classification_roc_curve_fpr": [
            0.0,
            0.1,
            0.1,
            0.1,
            0.1,
            0.1,
            0.1,
            0.1,
            0.1,
            0.2,
            0.2,
            0.2,
            0.3,
            0.3,
            0.4,
            0.5,
            0.5,
            0.5,
            0.6,
            0.7,
            0.8,
            0.9,
            1.0
        ],
        "classification_roc_curve_tpr": [
            0.0,
            0.0,
            0.08333333333333333,
            0.16666666666666666,
            0.25,
            0.3333333333333333,
            0.4166666666666667,
            0.5,
            0.5833333333333334,
            0.5833333333333334,
            0.6666666666666666,
            0.75,
            0.75,
            0.8333333333333334,
            0.8333333333333334,
            0.8333333333333334,
            0.9166666666666666,
            1.0,
            1.0,
            1.0,
            1.0,
            1.0,
            1.0
        ]
    },
    "mean_classification_au_roc": 0.8
}