{
    "glass-insulator-tower-shackle": {
        "au_pro": null,
        "classification_au_roc": 0.7285714285714286,
        "classification_roc_curve_fpr": [
            0.0,
            0.03333333333333333,
            0.06666666666666667,
            0.1,
            0.13333333333333333,
            0.13333333333333333,
            0.13333333333333333,
            0.13333333333333333,
            0.16666666666666666,
            0.2,
            0.23333333333333334,
            0.26666666666666666,
            0.3,
            0.3,
            0.3,
            0.3333333333333333,
            0.36666666666666664,
            0.4,
            0.43333333333333335,
            0.43333333333333335,
            0.4666666666666667,
            0.4666666666666667,
            0.5,
            0.5333333333333333,
            0.5666666666666667,
            0.6,
            0.6333333333333333,
            0.6666666666666666,
            0.7,
            1.0
        ],
        "classification_roc_curve_tpr": [
            0.0,
            0.0,
            0.0,
            0.0,
            0.0,
            0.14285714285714285,
            0.2857142857142857,
            0.42857142857142855,
            0.42857142857142855,
            0.42857142857142855,
            0.42857142857142855,
            0.42857142857142855,
            0.42857142857142855,
            0.5714285714285714,
            0.7142857142857143,
            0.7142857142857143,
            0.7142857142857143,
            0.7142857142857143,
            0.7142857142857143,
            0.8571428571428571,
            0.8571428571428571,
            1.0,
            1.0,
            1.0,
            1.0,
            1.0,
            1.0,
            1.0,
            1.0,
            1.0
        ]
    },
    "mean_classification_au_roc": 0.7285714285714286
}